-- phpMyAdmin SQL Dump
-- version 5.2.1
-- https://www.phpmyadmin.net/
--
-- Host: 127.0.0.1
-- Generation Time: 10 يناير 2026 الساعة 06:42
-- إصدار الخادم: 10.4.32-MariaDB
-- PHP Version: 8.2.12

SET SQL_MODE = "NO_AUTO_VALUE_ON_ZERO";
START TRANSACTION;
SET time_zone = "+00:00";


/*!40101 SET @OLD_CHARACTER_SET_CLIENT=@@CHARACTER_SET_CLIENT */;
/*!40101 SET @OLD_CHARACTER_SET_RESULTS=@@CHARACTER_SET_RESULTS */;
/*!40101 SET @OLD_COLLATION_CONNECTION=@@COLLATION_CONNECTION */;
/*!40101 SET NAMES utf8mb4 */;

--
-- Database: `shop_smart`
--

-- --------------------------------------------------------

--
-- بنية الجدول `activity_logs`
--

CREATE TABLE `activity_logs` (
  `id` int(11) NOT NULL,
  `user_id` int(11) NOT NULL,
  `action` varchar(255) NOT NULL,
  `description` text DEFAULT NULL,
  `ip_address` varchar(45) DEFAULT NULL,
  `created_at` timestamp NOT NULL DEFAULT current_timestamp()
) ENGINE=InnoDB DEFAULT CHARSET=utf8mb4 COLLATE=utf8mb4_unicode_ci;

--
-- إرجاع أو استيراد بيانات الجدول `activity_logs`
--

INSERT INTO `activity_logs` (`id`, `user_id`, `action`, `description`, `ip_address`, `created_at`) VALUES
(1, 1, 'add_user', 'تم إضافة مستخدم جديد: علي حسن (zzziiiooi666@gmail.com)', '::1', '2025-12-25 21:47:05');

-- --------------------------------------------------------

--
-- بنية الجدول `cart`
--

CREATE TABLE `cart` (
  `id` int(11) NOT NULL,
  `user_id` int(11) NOT NULL,
  `product_id` int(11) NOT NULL,
  `quantity` int(11) DEFAULT 1,
  `color` varchar(50) DEFAULT NULL,
  `size` varchar(50) DEFAULT NULL,
  `created_at` timestamp NOT NULL DEFAULT current_timestamp()
) ENGINE=InnoDB DEFAULT CHARSET=utf8mb4 COLLATE=utf8mb4_unicode_ci;

--
-- إرجاع أو استيراد بيانات الجدول `cart`
--

INSERT INTO `cart` (`id`, `user_id`, `product_id`, `quantity`, `color`, `size`, `created_at`) VALUES
(12, 5, 269, 1, NULL, NULL, '2026-01-07 22:07:37');

-- --------------------------------------------------------

--
-- بنية الجدول `categories`
--

CREATE TABLE `categories` (
  `id` int(11) NOT NULL,
  `name` varchar(255) NOT NULL,
  `product_id` int(11) NOT NULL
) ENGINE=InnoDB DEFAULT CHARSET=utf8mb4 COLLATE=utf8mb4_unicode_ci;

--
-- إرجاع أو استيراد بيانات الجدول `categories`
--

INSERT INTO `categories` (`id`, `name`, `product_id`) VALUES
(26, 'ملابس-رجالية', 161),
(27, 'ملابس-رجالية', 162),
(33, 'ملابس-نسائية', 168),
(34, 'ملابس-نسائية', 169),
(42, 'إلكترونيات', 177),
(43, 'إلكترونيات', 178),
(44, 'إلكترونيات', 179),
(46, 'أجهزة-منزلية', 181),
(47, 'أجهزة-منزلية', 182),
(48, 'أجهزة-منزلية', 183),
(51, 'سيارات', 186),
(52, 'سيارات', 187),
(53, 'سيارات', 188),
(54, 'سيارات', 189),
(55, 'سيارات', 190),
(61, 'رياضة', 196),
(62, 'رياضة', 197),
(63, 'رياضة', 198),
(64, 'رياضة', 199),
(65, 'رياضة', 200),
(66, 'ألعاب', 201),
(67, 'ألعاب', 202),
(82, 'ملابس-نسائية', 217),
(86, 'أحذية', 221),
(89, 'أحذية', 224),
(92, 'إلكترونيات', 227),
(93, 'إلكترونيات', 228),
(97, 'أجهزة-منزلية', 232),
(98, 'أجهزة-منزلية', 233),
(101, 'سيارات', 236),
(102, 'سيارات', 237),
(103, 'سيارات', 238),
(104, 'سيارات', 239),
(105, 'سيارات', 240),
(111, 'رياضة', 246),
(119, 'ألعاب', 254),
(126, 'كتب', 261),
(127, 'ألعاب', 256),
(128, 'أثاث', 231),
(129, 'أثاث', 235),
(130, 'عطور', 241),
(131, 'عطور', 242),
(132, 'صحة-وتجميل', 245),
(133, 'عطور', 244),
(135, 'ملابس-رجالية', 214),
(136, 'ألعاب', 257),
(138, 'كتب', 258),
(139, 'عطور', 243),
(140, 'كتب', 259),
(145, 'ملابس-نسائية', 148),
(146, 'ملابس-نسائية', 219),
(150, 'أحذية', 225),
(151, 'ملابس-رجالية', 253),
(154, 'ملابس-نسائية', 166),
(155, 'ملابس-نسائية', 220),
(157, 'هواتف', 226),
(158, 'هواتف', 230),
(159, 'هواتف', 229),
(160, 'أدوات-منزلية', 234),
(162, 'هواتف', 180),
(163, 'هواتف', 163),
(168, 'كتب', 264),
(169, 'كتب', 263),
(170, 'كتب', 262),
(171, 'أدوات-منزلية', 185),
(172, 'ملابس-رجالية', 164),
(175, 'أحذية', 170),
(176, 'مستحضرات-تجميل', 184),
(178, 'عطور', 218),
(179, 'أدوات-منزلية', 167),
(180, 'مستحضرات-تجميل', 265),
(181, 'مستحضرات-تجميل', 266),
(182, 'مستحضرات-تجميل', 267),
(183, 'أثاث', 268),
(184, 'أثاث', 269);

-- --------------------------------------------------------

--
-- بنية الجدول `category_list`
--

CREATE TABLE `category_list` (
  `id` int(11) NOT NULL,
  `name` varchar(255) NOT NULL,
  `icon` varchar(100) NOT NULL,
  `gradient_start` varchar(7) NOT NULL,
  `gradient_end` varchar(7) NOT NULL,
  `display_order` int(11) DEFAULT 0,
  `created_at` timestamp NOT NULL DEFAULT current_timestamp(),
  `updated_at` timestamp NOT NULL DEFAULT current_timestamp() ON UPDATE current_timestamp()
) ENGINE=InnoDB DEFAULT CHARSET=utf8mb4 COLLATE=utf8mb4_unicode_ci;

--
-- إرجاع أو استيراد بيانات الجدول `category_list`
--

INSERT INTO `category_list` (`id`, `name`, `icon`, `gradient_start`, `gradient_end`, `display_order`, `created_at`, `updated_at`) VALUES
(1, 'ملابس-رجالية', 'fa-tshirt', '#667eea', '#764ba2', 1, '2025-12-26 13:22:09', '2025-12-26 13:22:09'),
(2, 'ملابس-نسائية', 'fa-female', '#f093fb', '#f5576c', 2, '2025-12-26 13:22:09', '2025-12-26 13:22:09'),
(3, 'أحذية', 'fa-shoe-prints', '#4facfe', '#00f2fe', 3, '2025-12-26 13:22:09', '2025-12-26 13:22:09'),
(4, 'إلكترونيات', 'fa-mobile-alt', '#43e97b', '#38f9d7', 4, '2025-12-26 13:22:09', '2025-12-26 13:22:09'),
(5, 'أجهزة-منزلية', 'fa-home', '#fa709a', '#fee140', 5, '2025-12-26 13:22:09', '2025-12-26 13:22:09'),
(6, 'أثاث', 'fa-couch', '#8B4513', '#A0522D', 6, '2025-12-26 13:22:09', '2025-12-26 13:22:09'),
(7, 'مستحضرات-تجميل', 'fa-spa', '#ff9a9e', '#fecfef', 7, '2025-12-26 13:22:09', '2025-12-26 13:22:09'),
(8, 'عطور', 'fa-wind', '#ffecd2', '#fcb69f', 8, '2025-12-26 13:22:09', '2025-12-26 13:22:09'),
(9, 'ألعاب', 'fa-gamepad', '#667eea', '#764ba2', 9, '2025-12-26 13:22:09', '2025-12-26 13:22:09'),
(10, 'كتب', 'fa-book', '#f093fb', '#f5576c', 10, '2025-12-26 13:22:09', '2025-12-26 13:22:09'),
(11, 'رياضة', 'fa-basketball-ball', '#4facfe', '#00f2fe', 11, '2025-12-26 13:22:09', '2025-12-26 13:22:09'),
(12, 'صحة-وتجميل', 'fa-heartbeat', '#43e97b', '#38f9d7', 12, '2025-12-26 13:22:09', '2025-12-26 13:22:09'),
(13, 'أدوات-منزلية', 'fa-tools', '#fa709a', '#fee140', 13, '2025-12-26 13:22:09', '2025-12-26 13:22:09'),
(14, 'سيارات', 'fa-car', '#a8edea', '#fed6e3', 14, '2025-12-26 13:22:09', '2025-12-26 13:22:09'),
(15, 'هواتف', 'fa-mobile-alt', '#ff9a9e', '#fecfef', 15, '2025-12-26 13:22:09', '2025-12-26 13:22:09'),
(16, 'مطاعم', 'fa-utensils', '#ea6666', '#614aa1', 16, '2025-12-26 13:30:58', '2025-12-26 13:30:58');

-- --------------------------------------------------------

--
-- بنية الجدول `notifications`
--

CREATE TABLE `notifications` (
  `id` int(11) NOT NULL,
  `user_id` int(11) NOT NULL,
  `order_id` int(11) DEFAULT NULL,
  `title` varchar(255) NOT NULL,
  `message` text NOT NULL,
  `type` enum('order_created','order_shipped','order_delivered','order_cancelled','general') DEFAULT 'general',
  `is_read` tinyint(1) DEFAULT 0,
  `created_at` timestamp NOT NULL DEFAULT current_timestamp()
) ENGINE=InnoDB DEFAULT CHARSET=utf8mb4 COLLATE=utf8mb4_unicode_ci;

--
-- إرجاع أو استيراد بيانات الجدول `notifications`
--

INSERT INTO `notifications` (`id`, `user_id`, `order_id`, `title`, `message`, `type`, `is_read`, `created_at`) VALUES
(1, 5, 1, 'تم إنشاء طلب جديد', 'تم إنشاء طلبك بنجاح! رقم التتبع: TRK694DBB06CBD99', 'order_created', 1, '2025-12-25 22:30:30'),
(2, 5, 1, 'تم شحن طلبك', 'تم شحن طلبك بنجاح! يمكنك تتبع شحنتك باستخدام رقم التتبع: TRK694DBB06CBD99', 'order_shipped', 1, '2025-12-25 22:30:57'),
(3, 5, 2, 'تم إنشاء طلب جديد', 'تم إنشاء طلبك بنجاح! رقم التتبع: TRK694E87987F186', 'order_created', 1, '2025-12-26 13:03:20'),
(4, 5, 2, 'تم تسليم طلبك', 'تم تسليم طلبك بنجاح! نأمل أن تكون راضياً عن منتجك. رقم التتبع: TRK694E87987F186', 'order_delivered', 1, '2025-12-26 13:04:31'),
(5, 5, 2, 'تم شحن طلبك', 'تم شحن طلبك بنجاح! يمكنك تتبع شحنتك باستخدام رقم التتبع: TRK694E87987F186', 'order_shipped', 1, '2025-12-26 13:04:41'),
(6, 5, 1, 'تم تسليم طلبك', 'تم تسليم طلبك بنجاح! نأمل أن تكون راضياً عن منتجك. رقم التتبع: TRK694DBB06CBD99', 'order_delivered', 1, '2025-12-26 13:05:15'),
(7, 6, 3, 'تم إنشاء طلب جديد', 'تم إنشاء طلبك بنجاح! رقم التتبع: TRK694FCC2381854', 'order_created', 0, '2025-12-27 12:08:03'),
(8, 6, 3, 'جاري معالجة طلبك', 'تم بدء معالجة طلبك وسيتم شحنه قريباً. رقم التتبع: TRK694FCC2381854', '', 0, '2025-12-27 12:10:49'),
(9, 6, 3, 'تم شحن طلبك', 'تم شحن طلبك بنجاح! يمكنك تتبع شحنتك باستخدام رقم التتبع: TRK694FCC2381854', 'order_shipped', 0, '2025-12-27 12:12:28'),
(10, 6, 3, 'تم تسليم طلبك', 'تم تسليم طلبك بنجاح! نأمل أن تكون راضياً عن منتجك. رقم التتبع: TRK694FCC2381854', 'order_delivered', 0, '2025-12-27 12:13:17'),
(11, 5, 4, 'تم إنشاء طلب جديد', 'تم إنشاء طلبك بنجاح! رقم التتبع: TRK6959E0FBE006F', 'order_created', 1, '2026-01-04 03:39:39'),
(12, 5, 4, 'جاري معالجة طلبك', 'تم بدء معالجة طلبك وسيتم شحنه قريباً. رقم التتبع: TRK6959E0FBE006F', '', 1, '2026-01-04 03:40:12'),
(13, 5, 4, 'تم شحن طلبك', 'تم شحن طلبك بنجاح! يمكنك تتبع شحنتك باستخدام رقم التتبع: TRK6959E0FBE006F', 'order_shipped', 1, '2026-01-04 03:40:36'),
(14, 5, 4, 'تم تسليم طلبك', 'تم تسليم طلبك بنجاح! نأمل أن تكون راضياً عن منتجك. رقم التتبع: TRK6959E0FBE006F', 'order_delivered', 1, '2026-01-04 03:40:56'),
(15, 1, NULL, 'إضافة منتج إلى السلة', 'تمت إضافة منتج إلى السلة: بجامه نسائيه (الكمية: 1) من قبل المستخدم: علي حسن', 'general', 1, '2026-01-04 03:51:46'),
(16, 5, 5, 'تم إنشاء طلب جديد', 'تم إنشاء طلبك بنجاح! رقم التتبع: TRK6959E3E130BE8', 'order_created', 1, '2026-01-04 03:52:01'),
(17, 1, NULL, 'طلب جديد', 'تم إنشاء طلب جديد من المستخدم: علي حسن (1 منتج) - الإجمالي: 119,028.00 د.ع - رقم التتبع: TRK6959E3E130BE8', 'order_created', 1, '2026-01-04 03:52:01'),
(18, 1, NULL, 'إضافة منتج إلى السلة', 'تمت إضافة منتج إلى السلة: hpلابتوب (الكمية: 1) من قبل المستخدم: علي حسن', 'general', 1, '2026-01-04 03:56:34'),
(19, 5, 6, 'تم إنشاء طلب جديد', 'تم إنشاء طلبك بنجاح! رقم التتبع: TRK6959E509EC964', 'order_created', 1, '2026-01-04 03:56:57'),
(20, 1, 6, 'طلب جديد', 'تم إنشاء طلب جديد من المستخدم: علي حسن (1 منتج) - الإجمالي: 331,440.00 د.ع - رقم التتبع: TRK6959E509EC964', 'order_created', 1, '2026-01-04 03:56:57'),
(21, 5, 6, 'تم تسليم طلبك', 'تم تسليم طلبك بنجاح! نأمل أن تكون راضياً عن منتجك. رقم التتبع: TRK6959E509EC964', 'order_delivered', 1, '2026-01-04 03:57:24'),
(22, 1, NULL, 'إضافة منتج إلى السلة', 'تمت إضافة منتج إلى السلة: مكياج (الكمية: 1) من قبل المستخدم: علي حسن', 'general', 1, '2026-01-04 04:01:15'),
(23, 5, 7, 'تم إنشاء طلب جديد', 'تم إنشاء طلبك بنجاح! رقم التتبع: TRK6959E6808742F', 'order_created', 1, '2026-01-04 04:03:12'),
(24, 1, 7, 'طلب جديد', 'تم إنشاء طلب جديد من المستخدم: علي حسن (1 منتج) - الإجمالي: 60,000.00 د.ع - رقم التتبع: TRK6959E6808742F', 'order_created', 1, '2026-01-04 04:03:12'),
(25, 1, NULL, 'إضافة منتج إلى السلة', 'تمت إضافة منتج إلى السلة: سامسونغ s24 (الكمية: 1) من قبل المستخدم: علي حسن', 'general', 1, '2026-01-04 04:07:05'),
(26, 5, 8, 'تم إنشاء طلب جديد', 'تم إنشاء طلبك بنجاح! رقم التتبع: TRK6959E7D848FEC', 'order_created', 1, '2026-01-04 04:08:56'),
(27, 1, 8, 'طلب جديد', 'تم إنشاء طلب جديد من المستخدم: علي حسن (1 منتج) - الإجمالي: 180,238.00 د.ع - رقم التتبع: TRK6959E7D848FEC', 'order_created', 1, '2026-01-04 04:08:56'),
(28, 5, 8, 'تم تسليم طلبك', 'تم تسليم طلبك بنجاح! نأمل أن تكون راضياً عن منتجك. رقم التتبع: TRK6959E7D848FEC', 'order_delivered', 1, '2026-01-04 04:09:27'),
(29, 5, 7, 'تم تسليم طلبك', 'تم تسليم طلبك بنجاح! نأمل أن تكون راضياً عن منتجك. رقم التتبع: TRK6959E6808742F', 'order_delivered', 1, '2026-01-04 04:09:35'),
(30, 1, NULL, 'إضافة منتج إلى السلة', 'تمت إضافة منتج إلى السلة: اثاث (الكمية: 1) من قبل المستخدم: علي حسن', 'general', 0, '2026-01-07 22:07:37');

-- --------------------------------------------------------

--
-- بنية الجدول `orders`
--

CREATE TABLE `orders` (
  `id` int(11) NOT NULL,
  `quantity` int(11) NOT NULL,
  `status` enum('PENDING','COMPLETED','CANCELLED') DEFAULT 'PENDING',
  `payment_method` varchar(50) DEFAULT 'Razorpay',
  `user_id` int(11) NOT NULL,
  `product_id` int(11) DEFAULT NULL,
  `address_id` int(11) NOT NULL,
  `created_at` timestamp NOT NULL DEFAULT current_timestamp(),
  `updated_at` timestamp NOT NULL DEFAULT current_timestamp() ON UPDATE current_timestamp(),
  `tracking_number` varchar(50) DEFAULT NULL,
  `shipping_status` enum('pending','processing','shipped','delivered','cancelled') DEFAULT 'pending'
) ENGINE=InnoDB DEFAULT CHARSET=utf8mb4 COLLATE=utf8mb4_unicode_ci;

--
-- إرجاع أو استيراد بيانات الجدول `orders`
--

INSERT INTO `orders` (`id`, `quantity`, `status`, `payment_method`, `user_id`, `product_id`, `address_id`, `created_at`, `updated_at`, `tracking_number`, `shipping_status`) VALUES
(1, 1, 'COMPLETED', 'Cash', 5, 256, 1, '2025-12-25 22:30:30', '2025-12-26 13:05:15', 'TRK694DBB06CBD99', 'delivered'),
(2, 1, 'COMPLETED', 'Cash', 5, 258, 2, '2025-12-26 13:03:20', '2025-12-26 13:04:41', 'TRK694E87987F186', 'shipped'),
(3, 1, 'COMPLETED', 'Cash', 6, 269, 3, '2025-12-27 12:08:03', '2025-12-27 12:13:25', 'TRK694FCC2381854', 'delivered'),
(4, 1, 'COMPLETED', 'Cash', 5, 269, 4, '2026-01-04 03:39:39', '2026-01-04 03:41:15', 'TRK6959E0FBE006F', 'delivered'),
(5, 1, 'PENDING', 'Cash', 5, 166, 5, '2026-01-04 03:52:01', '2026-01-04 03:52:01', 'TRK6959E3E130BE8', 'pending'),
(6, 1, 'CANCELLED', 'Cash', 5, 227, 6, '2026-01-04 03:56:57', '2026-01-04 04:00:39', 'TRK6959E509EC964', 'delivered'),
(7, 1, 'COMPLETED', 'بطاقة ائتمان', 5, 267, 7, '2026-01-04 04:03:12', '2026-01-04 04:10:23', 'TRK6959E6808742F', 'delivered'),
(8, 1, 'COMPLETED', 'محفظة إلكترونية', 5, 180, 8, '2026-01-04 04:08:56', '2026-01-04 04:09:27', 'TRK6959E7D848FEC', 'delivered');

-- --------------------------------------------------------

--
-- بنية الجدول `order_addresses`
--

CREATE TABLE `order_addresses` (
  `id` int(11) NOT NULL,
  `user_id` int(11) NOT NULL,
  `first_name` varchar(255) NOT NULL,
  `last_name` varchar(255) NOT NULL,
  `address` text NOT NULL,
  `city` varchar(255) NOT NULL,
  `state` varchar(255) NOT NULL,
  `zip` varchar(20) NOT NULL,
  `created_at` timestamp NOT NULL DEFAULT current_timestamp()
) ENGINE=InnoDB DEFAULT CHARSET=utf8mb4 COLLATE=utf8mb4_unicode_ci;

--
-- إرجاع أو استيراد بيانات الجدول `order_addresses`
--

INSERT INTO `order_addresses` (`id`, `user_id`, `first_name`, `last_name`, `address`, `city`, `state`, `zip`, `created_at`) VALUES
(1, 5, 'علي', 'حسن', 'شط العرب\r\nباب الهوى', 'البصره', 'الجزيره الرابعه', '61014', '2025-12-25 22:30:30'),
(2, 5, 'علي', 'حسن', 'البصره شط العرب باب الهوى الجزيره الرابعه شارع رقم 39', 'شط العرب', 'باب الهوى', '61001', '2025-12-26 13:03:20'),
(3, 6, 'علي', 'حسن', 'البصره شط العرب باب الهوى الجزيره الرابعه شارع رقم 39', 'شط العرب', 'باب الهوى', '61001', '2025-12-27 12:08:03'),
(4, 5, 'علي', 'حسن', 'شط العرب\r\nباب الهوى', 'البصره', 'الجزيره الرابعه', '61014', '2026-01-04 03:39:39'),
(5, 5, 'علي', 'حسن', 'شط العرب\r\nباب الهوى', 'البصره', 'الجزيره الرابعه', '61014', '2026-01-04 03:52:01'),
(6, 5, 'علي', 'حسن', 'شط العرب\r\nباب الهوى', 'البصره', 'الجزيره الرابعه', '61014', '2026-01-04 03:56:57'),
(7, 5, 'علي', 'حسن', 'شط العرب\r\nباب الهوى', 'البصره', 'الجزيره الرابعه', '61014', '2026-01-04 04:03:12'),
(8, 5, 'علي', 'حسن', 'شط العرب\r\nباب الهوى', 'البصره', 'الجزيره الرابعه', '61014', '2026-01-04 04:08:56');

-- --------------------------------------------------------

--
-- بنية الجدول `products`
--

CREATE TABLE `products` (
  `id` int(11) NOT NULL,
  `name` varchar(255) NOT NULL,
  `description` text NOT NULL,
  `price` decimal(10,2) NOT NULL,
  `mainImage` varchar(500) NOT NULL,
  `quantity` int(11) DEFAULT 0,
  `otherImages` text DEFAULT NULL,
  `sizes` text DEFAULT NULL,
  `colors` text DEFAULT NULL,
  `user_id` int(11) NOT NULL,
  `created_at` timestamp NOT NULL DEFAULT current_timestamp(),
  `updated_at` timestamp NOT NULL DEFAULT current_timestamp() ON UPDATE current_timestamp()
) ENGINE=InnoDB DEFAULT CHARSET=utf8mb4 COLLATE=utf8mb4_unicode_ci;

--
-- إرجاع أو استيراد بيانات الجدول `products`
--

INSERT INTO `products` (`id`, `name`, `description`, `price`, `mainImage`, `quantity`, `otherImages`, `sizes`, `colors`, `user_id`, `created_at`, `updated_at`) VALUES
(148, 'حقيبه نسائيه', 'منتج عالي الجوده', 35000.00, 'http://localhost/smart_markt/assets/images/product-13-1.jpg', 25, '[\"http:\\/\\/localhost\\/smart_markt\\/assets\\/images\\/product-13-2.jpg\"]', '[\"[\\\"38\\\",\\\"39\\\",\\\"40\\\",\\\"41\\\",\\\"42\\\"]\"]', '[\"[\\\"\\u0623\\u0633\\u0648\\u062f\\\",\\\"\\u0628\\u0646\\u064a\\\",\\\"\\u0623\\u0628\\u064a\\u0636\\\"]\"]', 1, '2025-12-25 19:30:31', '2025-12-26 00:12:23'),
(161, 'جينز رجالي', 'منتج عالي الجودة من فئة ملابس-رجالية', 53311.00, 'http://localhost/smart_markt/assets/images/جينز رجالي .jpg', 22, NULL, '[\"S\",\"M\",\"L\",\"XL\"]', '[\"أسود\",\"أبيض\",\"أزرق\",\"رمادي\"]', 1, '2025-12-25 21:14:23', '2025-12-25 21:14:23'),
(162, 'شورت رجالي', 'منتج عالي الجودة من فئة ملابس-رجالية', 111901.00, 'http://localhost/smart_markt/assets/images/شورت رجالي .jpg', 27, NULL, '[\"S\",\"M\",\"L\",\"XL\"]', '[\"أسود\",\"أبيض\",\"أزرق\",\"رمادي\"]', 1, '2025-12-25 21:14:23', '2025-12-25 21:14:23'),
(163, 'شاومي', 'منتج عالي الجودة', 175059.00, 'http://localhost/smart_markt/assets/images/products/694ddbfa1149d_شاومي.jpg', 7, '[]', '[\"64\",\"128\",\"256\"]', '[\"\\u0623\\u0633\\u0648\\u062f\",\"\\u0623\\u0628\\u064a\\u0636\",\"\\u0623\\u0632\\u0631\\u0642\"]', 1, '2025-12-25 21:14:23', '2025-12-26 00:51:06'),
(164, 'ملابس رسميه', 'منتج عالي الجودة من فئة ملابس-رجالية', 160175.00, 'http://localhost/smart_markt/assets/images/products/694e7dd99b54d_ملابس رسميه رجاليه3.jpg', 22, '[\"http:\\/\\/localhost\\/smart_markt\\/assets\\/images\\/products\\/694e7dd99bb40_\\u0645\\u0644\\u0627\\u0628\\u0633 \\u0634\\u062a\\u0648\\u064a\\u0647 .jpg\"]', '[\"S\",\"M\",\"L\",\"XL\"]', '[\"\\u0623\\u0633\\u0648\\u062f\",\"\\u0623\\u0628\\u064a\\u0636\",\"\\u0623\\u0632\\u0631\\u0642\",\"\\u0631\\u0645\\u0627\\u062f\\u064a\"]', 1, '2025-12-25 21:14:23', '2025-12-26 12:21:45'),
(166, 'بجامه نسائيه', 'منتج عالي الجودة من فئة ملابس-نسائية', 114028.00, 'http://localhost/smart_markt/assets/images/2بجامه نسائيه .jpg', 21, '[\"http:\\/\\/localhost\\/smart_markt\\/assets\\/images\\/products\\/694dd8db9f00f_\\u0628\\u062c\\u0627\\u0645\\u0647 \\u0646\\u0633\\u0627\\u0626\\u064a\\u0647 .jpg\"]', '[\"S\",\"M\",\"L\",\"XL\"]', '[\"\\u0623\\u0633\\u0648\\u062f\",\"\\u0623\\u0628\\u064a\\u0636\",\"\\u0623\\u0632\\u0631\\u0642\",\"\\u0631\\u0645\\u0627\\u062f\\u064a\"]', 1, '2025-12-25 21:14:23', '2025-12-26 00:37:55'),
(167, 'مفك راجز متعدد الاستخدامات', 'منتج عالي الجودة من فئة ادوات منزليه', 117199.00, 'http://localhost/smart_markt/assets/images/products/694e853811f62_مفكات راجز.jpg', 20, '[\"http:\\/\\/localhost\\/smart_markt\\/assets\\/images\\/products\\/694e853812040_\\u0627\\u0639\\u0644\\u0627\\u0646 \\u0627\\u062f\\u0648\\u0627\\u062a \\u0645\\u0646\\u0632\\u0644\\u064a\\u0647.jpg\"]', '[]', '[\"\\u0623\\u0633\\u0648\\u062f\",\"\\u0623\\u0628\\u064a\\u0636\",\"\\u0623\\u0632\\u0631\\u0642\",\"\\u0631\\u0645\\u0627\\u062f\\u064a\"]', 1, '2025-12-25 21:14:23', '2025-12-26 12:53:12'),
(168, 'ملابس رسميه نسائيه', 'منتج عالي الجودة من فئة ملابس-نسائية', 61938.00, 'http://localhost/smart_markt/assets/images/ملابس رسميه نسائيه .jpg', 29, NULL, '[\"S\",\"M\",\"L\",\"XL\"]', '[\"أسود\",\"أبيض\",\"أزرق\",\"رمادي\"]', 1, '2025-12-25 21:14:23', '2025-12-25 21:14:23'),
(169, 'ملابس شتويه نسائيه', 'منتج عالي الجودة من فئة ملابس-نسائية', 235830.00, 'http://localhost/smart_markt/assets/images/ملابس شتويه نسائيه .jpg', 7, NULL, '[\"S\",\"M\",\"L\",\"XL\"]', '[\"أسود\",\"أبيض\",\"أزرق\",\"رمادي\"]', 1, '2025-12-25 21:14:23', '2025-12-25 21:14:23'),
(170, 'حذاء نسائي', 'منتج عالي الجودة من فئة الاحذيه', 184463.00, 'http://localhost/smart_markt/assets/images/products/694e803aaca00_photo_3_2025-12-26_00-06-13.jpg', 10, '[\"http:\\/\\/localhost\\/smart_markt\\/assets\\/images\\/products\\/694e803aace34_photo_4_2025-12-26_00-06-13.jpg\"]', '[\"30\",\"32\",\"34\",\"36\",\"38\",\"39\"]', '[\"\\u0623\\u0633\\u0648\\u062f\",\"\\u0623\\u0628\\u064a\\u0636\",\"\\u0623\\u0632\\u0631\\u0642\",\"\\u0631\\u0645\\u0627\\u062f\\u064a\"]', 1, '2025-12-25 21:14:23', '2025-12-26 12:31:54'),
(177, 'hpلابتوب', 'منتج عالي الجودة من فئة إلكترونيات', 250178.00, 'http://localhost/smart_markt/assets/images/hpلابتوب.jpg', 24, NULL, NULL, NULL, 1, '2025-12-25 21:14:24', '2025-12-25 21:14:24'),
(178, 'ierpood', 'منتج عالي الجودة من فئة إلكترونيات', 201008.00, 'http://localhost/smart_markt/assets/images/ierpood.jpg', 6, NULL, NULL, NULL, 1, '2025-12-25 21:14:24', '2025-12-25 21:14:24'),
(179, 'pc2', 'منتج عالي الجودة من فئة إلكترونيات', 437142.00, 'http://localhost/smart_markt/assets/images/pc2.jpg', 11, NULL, NULL, NULL, 1, '2025-12-25 21:14:24', '2025-12-25 21:14:24'),
(180, 'سامسونغ s24', 'منتج عالي الجودة من فئة الهواتف', 175238.00, 'http://localhost/smart_markt/assets/images/products/694ddb36a9948_سامسونغ S24.jpg', 11, '[\"http:\\/\\/localhost\\/smart_markt\\/assets\\/images\\/products\\/694ddb36a9a32_\\u0633\\u0627\\u0645\\u0633\\u0648\\u0646\\u063aS24 UITRA.jpg\"]', '[]', '[]', 1, '2025-12-25 21:14:24', '2025-12-26 00:47:50'),
(181, 'تخم منزل', 'منتج عالي الجودة من فئة أجهزة-منزلية', 70571.00, 'http://localhost/smart_markt/assets/images/تخم منزل.jpg', 20, NULL, NULL, NULL, 1, '2025-12-25 21:14:24', '2025-12-25 21:14:24'),
(182, 'جدر ضغط', 'منتج عالي الجودة من فئة أجهزة-منزلية', 478216.00, 'http://localhost/smart_markt/assets/images/جدر ضغط.jpg', 11, NULL, NULL, NULL, 1, '2025-12-25 21:14:24', '2025-12-25 21:14:24'),
(183, 'خلاط', 'منتج عالي الجودة من فئة أجهزة-منزلية', 516728.00, 'http://localhost/smart_markt/assets/images/خلاط.jpg', 19, NULL, NULL, NULL, 1, '2025-12-25 21:14:24', '2025-12-25 21:14:24'),
(184, 'غسول وجه', 'منتج عالي الجودة من فئة مستحضرات تجميل', 261567.00, 'http://localhost/smart_markt/assets/images/products/694e812662ebd_غسول وجه.jpg', 18, '[]', '[]', '[]', 1, '2025-12-25 21:14:24', '2025-12-26 12:35:50'),
(185, 'مفك', 'منتج عالي الجودة من فئة ادوات-منزلية', 66065.00, 'http://localhost/smart_markt/assets/images/products/694ddd854c252_مفكات.jpg', 14, '[]', '[\"8\",\"10\",\"12\",\"14\",\"16\",\"18\",\"20\"]', '[]', 1, '2025-12-25 21:14:24', '2025-12-26 12:19:45'),
(186, 'بوغاتي شيرون', 'سيارة رياضية فاخرة من بوغاتي مع محرك W16 سعة 8.0 لتر بقوة 1500 حصان. تتميز بتسارع من 0 إلى 100 كم/س في 2.4 ثانية وسرعة قصوى 420 كم/س. تحتوي على نظام دفع رباعي، فرامل كربونية، ونظام تعليق متطور.\n\nالميزات الرئيسية:\n• محرك W16 بقوة 1500 حصان\n• سرعة قصوى 420 كم/س\n• تسارع 0-100 في 2.4 ثانية\n• نظام دفع رباعي\n• فرامل كربونية\n• نظام تعليق متطور\n• تصميم فريد ومميز\n', 18000000.00, 'http://localhost/smart_markt/assets/images/بوغاتي.jpg', 23, NULL, NULL, NULL, 1, '2025-12-25 21:14:24', '2025-12-25 21:15:41'),
(187, 'شيفروليه تاهو', 'سيارة دفع رباعي كبيرة من شيفروليه. تتميز بقوة وجرأة، مساحة واسعة، وتقنيات متقدمة. مناسبة للاستخدام اليومي والرحلات.\n\nالميزات الرئيسية:\n• محرك V8 بقوة 355 حصان\n• دفع رباعي\n• 8 مقاعد\n• مساحة شاسعة\n• نظام جر متقدم\n• نظام أمان شامل\n• تقنيات حديثة\n', 7500000.00, 'http://localhost/smart_markt/assets/images/تاهو.jpg', 26, NULL, NULL, NULL, 1, '2025-12-25 21:14:24', '2025-12-25 21:15:41'),
(188, 'رولز رويس فانتوم', 'سيارة فاخرة من رولز رويس مع محرك V12 سعة 6.75 لتر. تتميز بالرفاهية القصوى والراحة الفائقة. تحتوي على نظام تعليق هوائي، مقاعد جلدية فاخرة، نظام صوتي متطور، وتقنيات أمان متقدمة.\n\nالميزات الرئيسية:\n• محرك V12 بقوة 563 حصان\n• نظام تعليق هوائي\n• مقاعد جلدية فاخرة\n• نظام صوتي متطور\n• تقنيات أمان متقدمة\n• تصميم كلاسيكي أنيق\n• راحة ورفاهية فائقة\n', 12000000.00, 'http://localhost/smart_markt/assets/images/رولز رويس فانتوم.jpg', 16, NULL, NULL, NULL, 1, '2025-12-25 21:14:24', '2025-12-25 21:15:41'),
(189, 'هيونداي سنتافي', 'سيارة دفع رباعي متعددة الاستخدامات من هيونداي. تتميز بمساحة واسعة، محرك قوي، وتقنيات حديثة. مناسبة للعائلات الكبيرة والرحلات الطويلة.\n\nالميزات الرئيسية:\n• محرك V6 بقوة 290 حصان\n• دفع رباعي\n• 7 مقاعد\n• مساحة شاسعة\n• نظام ملاحة متطور\n• كاميرات خلفية وجانبية\n• نظام أمان متقدم\n', 8500000.00, 'http://localhost/smart_markt/assets/images/سنتافي.jpg', 30, NULL, NULL, NULL, 1, '2025-12-25 21:14:24', '2025-12-25 21:15:41'),
(190, 'سيارة فاخرة', 'سيارة فاخرة عالية الجودة مع أحدث التقنيات والمواصفات. تتميز بالراحة والأمان والأداء المتميز.\n\nالميزات الرئيسية:\n• محرك قوي\n• نظام أمان متقدم\n• تقنيات حديثة\n• راحة فائقة\n• تصميم أنيق\n• أداء متميز\n', 5500000.00, 'http://localhost/smart_markt/assets/images/سياره.jpg', 13, NULL, NULL, NULL, 1, '2025-12-25 21:14:24', '2025-12-25 21:15:41'),
(196, 'رياضه اثقال', 'منتج عالي الجودة من فئة رياضة', 368621.00, 'http://localhost/smart_markt/assets/images/رياضه اثقال .jpg', 11, NULL, NULL, NULL, 1, '2025-12-25 21:14:24', '2025-12-25 21:14:24'),
(197, 'رياضه', 'منتج عالي الجودة من فئة رياضة', 352711.00, 'http://localhost/smart_markt/assets/images/رياضه.jpg', 5, NULL, NULL, NULL, 1, '2025-12-25 21:14:24', '2025-12-25 21:14:24'),
(198, 'كرة التنس', 'منتج عالي الجودة من فئة رياضة', 360396.00, 'http://localhost/smart_markt/assets/images/كرة التنس.jpg', 27, NULL, NULL, NULL, 1, '2025-12-25 21:14:24', '2025-12-25 21:14:24'),
(199, 'كرة قدم', 'منتج عالي الجودة من فئة رياضة', 32874.00, 'http://localhost/smart_markt/assets/images/كرة قدم.jpg', 8, NULL, NULL, NULL, 1, '2025-12-25 21:14:24', '2025-12-25 21:14:24'),
(200, 'كرةسله', 'منتج عالي الجودة من فئة رياضة', 72072.00, 'http://localhost/smart_markt/assets/images/كرةسله.jpg', 26, NULL, NULL, NULL, 1, '2025-12-25 21:14:24', '2025-12-25 21:14:24'),
(201, 'اونو', 'منتج عالي الجودة من فئة ألعاب', 188898.00, 'http://localhost/smart_markt/assets/images/اونو.jpg', 29, NULL, NULL, NULL, 1, '2025-12-25 21:14:24', '2025-12-25 21:14:24'),
(202, 'دمى اطفال', 'منتج عالي الجودة من فئة ألعاب', 130252.00, 'http://localhost/smart_markt/assets/images/دمى اطفال .jpg', 21, NULL, NULL, NULL, 1, '2025-12-25 21:14:24', '2025-12-25 21:14:24'),
(214, 'قميص رجالي مع بدي', 'منتج عالي الجودة من فئة ملابس-رجالية', 131254.00, 'http://localhost/smart_markt/assets/images/قميص رجالي مع بدي .jpg', 7, '[\"http:\\/\\/localhost\\/smart_markt\\/assets\\/images\\/products\\/694dca58bd79f_\\u0642\\u0645\\u064a\\u0635 \\u0631\\u062c\\u0627\\u0644\\u064a \\u0645\\u0639 \\u0628\\u062f\\u064a \\u0627\\u0644\\u0636\\u0647\\u0631.jpg\"]', '[\"[\\\"S\\\",\\\"M\\\",\\\"L\\\",\\\"XL\\\"]\"]', '[\"[\\\"\\u0623\\u0633\\u0648\\u062f\\\",\\\"\\u0623\\u0628\\u064a\\u0636\\\",\\\"\\u0623\\u0632\\u0631\\u0642\\\",\\\"\\u0631\\u0645\\u0627\\u062f\\u064a\\\"]\"]', 1, '2025-12-25 21:15:40', '2025-12-25 23:35:52'),
(217, 'جبه نسائيه', 'منتج عالي الجودة من فئة ملابس-نسائية', 151759.00, 'http://localhost/smart_markt/assets/images/جبه نسائيه .jpg', 9, NULL, '[\"S\",\"M\",\"L\",\"XL\"]', '[\"أسود\",\"أبيض\",\"أزرق\",\"رمادي\"]', 1, '2025-12-25 21:15:40', '2025-12-25 21:15:40'),
(218, 'عطور متنوعه', 'منتج عالي الجودة من فئة عطور', 138866.00, 'http://localhost/smart_markt/assets/images/products/694e82f2c303b_عطور.jpg', 23, '[]', '[]', '[\"\\u0623\\u0633\\u0648\\u062f\",\"\\u0623\\u0628\\u064a\\u0636\",\"\\u0623\\u0632\\u0631\\u0642\",\"\\u0631\\u0645\\u0627\\u062f\\u064a\"]', 1, '2025-12-25 21:15:40', '2025-12-26 12:43:30'),
(219, 'ملابس شتويه نسائيه', 'منتج عالي الجودة من فئة ملابس-نسائية', 212912.00, 'http://localhost/smart_markt/assets/images/ملابس شتويه نسائيه .jpg', 27, '[\"http:\\/\\/localhost\\/smart_markt\\/assets\\/images\\/products\\/694dd3141b310_\\u0645\\u0644\\u0627\\u0628\\u0633 \\u0634\\u062a\\u0648\\u064a\\u0647 \\u0646\\u0633\\u0627\\u0626\\u064a\\u0647 3.jpg\"]', '[\"[\\\"S\\\",\\\"M\\\",\\\"L\\\",\\\"XL\\\"]\"]', '[\"[\\\"\\u0623\\u0633\\u0648\\u062f\\\",\\\"\\u0623\\u0628\\u064a\\u0636\\\",\\\"\\u0623\\u0632\\u0631\\u0642\\\",\\\"\\u0631\\u0645\\u0627\\u062f\\u064a\\\"]\"]', 1, '2025-12-25 21:15:41', '2025-12-26 00:13:08'),
(220, 'ملابس شتويه نسائيه', 'منتج عالي الجودة من فئة ملابس-نسائية', 67006.00, 'http://localhost/smart_markt/assets/images/ملابس شتويه نسائيه 2.jpg', 29, '[]', '[\"S\",\"M\",\"L\",\"XL\"]', '[\"\\u0623\\u0633\\u0648\\u062f\",\"\\u0623\\u0628\\u064a\\u0636\",\"\\u0623\\u0632\\u0631\\u0642\",\"\\u0631\\u0645\\u0627\\u062f\\u064a\"]', 1, '2025-12-25 21:15:41', '2025-12-26 00:39:38'),
(221, 'حذاء اديداس سامبا', 'منتج عالي الجودة من فئة أحذية', 109019.00, 'http://localhost/smart_markt/assets/images/حذاء اديداس سامبا.jpg', 14, NULL, '[\"38\",\"39\",\"40\",\"41\",\"42\",\"43\",\"44\"]', '[\"أسود\",\"بني\",\"أبيض\"]', 1, '2025-12-25 21:15:41', '2025-12-25 21:15:41'),
(224, 'حذاء اللوفر', 'منتج عالي الجودة من فئة أحذية', 72032.00, 'http://localhost/smart_markt/assets/images/حذاء اللوفر.jpg', 30, NULL, '[\"38\",\"39\",\"40\",\"41\",\"42\",\"43\",\"44\"]', '[\"أسود\",\"بني\",\"أبيض\"]', 1, '2025-12-25 21:15:41', '2025-12-25 21:15:41'),
(225, 'حذاء لوبوتان نسائي', 'حذاء اصلي جلد', 35241.00, 'http://localhost/smart_markt/assets/images/products/694dcda624a77_photo_1_2025-12-26_00-06-13.jpg', 10, '[\"http:\\/\\/localhost\\/smart_markt\\/assets\\/images\\/products\\/694dcda624c91_photo_2_2025-12-26_00-06-13.jpg\"]', '[]', '[]', 1, '2025-12-25 21:15:41', '2025-12-26 00:27:33'),
(226, 'PC', 'منتج عالي الجودة من فئة إلكترونيات', 616313.00, 'http://localhost/smart_markt/assets/images/PC.jpg', 24, '[]', '[]', '[]', 1, '2025-12-25 21:15:41', '2025-12-26 00:43:06'),
(227, 'hpلابتوب', 'منتج عالي الجودة من فئة إلكترونيات', 331440.00, 'http://localhost/smart_markt/assets/images/hpلابتوب.jpg', 27, NULL, NULL, NULL, 1, '2025-12-25 21:15:41', '2025-12-25 21:15:41'),
(228, 'ierpood', 'منتج عالي الجودة من فئة إلكترونيات', 205704.00, 'http://localhost/smart_markt/assets/images/ierpood.jpg', 7, NULL, NULL, NULL, 1, '2025-12-25 21:15:41', '2025-12-25 21:15:41'),
(229, 'pc2', 'منتج عالي الجودة من فئة إلكترونيات', 483439.00, 'http://localhost/smart_markt/assets/images/pc2.jpg', 25, '[]', '[]', '[]', 1, '2025-12-25 21:15:41', '2025-12-26 00:43:56'),
(230, 'ايفون 13', 'منتج عالي الجودة من فئة إلكترونيات', 400764.00, 'http://localhost/smart_markt/assets/images/ايفون 13.jpg', 11, '[]', '[]', '[]', 1, '2025-12-25 21:15:41', '2025-12-26 00:43:23'),
(231, 'تخم منزل', 'منتج عالي الجودة من فئة أجهزة-منزلية', 268330.00, 'http://localhost/smart_markt/assets/images/تخم منزل.jpg', 12, '[]', '[\"[]\"]', '[\"[]\"]', 1, '2025-12-25 21:15:41', '2025-12-25 23:28:37'),
(232, 'جدر ضغط', 'منتج عالي الجودة من فئة أجهزة-منزلية', 187174.00, 'http://localhost/smart_markt/assets/images/جدر ضغط.jpg', 29, NULL, NULL, NULL, 1, '2025-12-25 21:15:41', '2025-12-25 21:15:41'),
(233, 'خلاط', 'منتج عالي الجودة من فئة أجهزة-منزلية', 110103.00, 'http://localhost/smart_markt/assets/images/خلاط.jpg', 16, NULL, NULL, NULL, 1, '2025-12-25 21:15:41', '2025-12-25 21:15:41'),
(234, 'دريل شحن', 'منتج عالي الجودة من فئة أجهزة-منزلية', 155753.00, 'http://localhost/smart_markt/assets/images/دريل شحن.jpg', 16, '[]', '[]', '[]', 1, '2025-12-25 21:15:41', '2025-12-26 00:44:33'),
(235, 'طاوله', 'منتج عالي الجودة من فئة أجهزة-منزلية', 35000.00, 'http://localhost/smart_markt/assets/images/طاوله.jpg', 20, '[]', '[\"[]\"]', '[\"[]\"]', 1, '2025-12-25 21:15:41', '2025-12-25 23:30:29'),
(236, 'بوغاتي شيرون', 'سيارة رياضية فاخرة من بوغاتي مع محرك W16 سعة 8.0 لتر بقوة 1500 حصان. تتميز بتسارع من 0 إلى 100 كم/س في 2.4 ثانية وسرعة قصوى 420 كم/س. تحتوي على نظام دفع رباعي، فرامل كربونية، ونظام تعليق متطور.\n\nالميزات الرئيسية:\n• محرك W16 بقوة 1500 حصان\n• سرعة قصوى 420 كم/س\n• تسارع 0-100 في 2.4 ثانية\n• نظام دفع رباعي\n• فرامل كربونية\n• نظام تعليق متطور\n• تصميم فريد ومميز\n', 18000000.00, 'http://localhost/smart_markt/assets/images/بوغاتي.jpg', 21, NULL, NULL, NULL, 1, '2025-12-25 21:15:41', '2025-12-25 21:15:41'),
(237, 'شيفروليه تاهو', 'سيارة دفع رباعي كبيرة من شيفروليه. تتميز بقوة وجرأة، مساحة واسعة، وتقنيات متقدمة. مناسبة للاستخدام اليومي والرحلات.\n\nالميزات الرئيسية:\n• محرك V8 بقوة 355 حصان\n• دفع رباعي\n• 8 مقاعد\n• مساحة شاسعة\n• نظام جر متقدم\n• نظام أمان شامل\n• تقنيات حديثة\n', 7500000.00, 'http://localhost/smart_markt/assets/images/تاهو.jpg', 9, NULL, NULL, NULL, 1, '2025-12-25 21:15:41', '2025-12-25 21:15:41'),
(238, 'رولز رويس فانتوم', 'سيارة فاخرة من رولز رويس مع محرك V12 سعة 6.75 لتر. تتميز بالرفاهية القصوى والراحة الفائقة. تحتوي على نظام تعليق هوائي، مقاعد جلدية فاخرة، نظام صوتي متطور، وتقنيات أمان متقدمة.\n\nالميزات الرئيسية:\n• محرك V12 بقوة 563 حصان\n• نظام تعليق هوائي\n• مقاعد جلدية فاخرة\n• نظام صوتي متطور\n• تقنيات أمان متقدمة\n• تصميم كلاسيكي أنيق\n• راحة ورفاهية فائقة\n', 12000000.00, 'http://localhost/smart_markt/assets/images/رولز رويس فانتوم.jpg', 18, NULL, NULL, NULL, 1, '2025-12-25 21:15:41', '2025-12-25 21:15:41'),
(239, 'هيونداي سنتافي', 'سيارة دفع رباعي متعددة الاستخدامات من هيونداي. تتميز بمساحة واسعة، محرك قوي، وتقنيات حديثة. مناسبة للعائلات الكبيرة والرحلات الطويلة.\n\nالميزات الرئيسية:\n• محرك V6 بقوة 290 حصان\n• دفع رباعي\n• 7 مقاعد\n• مساحة شاسعة\n• نظام ملاحة متطور\n• كاميرات خلفية وجانبية\n• نظام أمان متقدم\n', 8500000.00, 'http://localhost/smart_markt/assets/images/سنتافي.jpg', 26, NULL, NULL, NULL, 1, '2025-12-25 21:15:41', '2025-12-25 21:15:41'),
(240, 'سيارة فاخرة', 'سيارة فاخرة عالية الجودة مع أحدث التقنيات والمواصفات. تتميز بالراحة والأمان والأداء المتميز.\n\nالميزات الرئيسية:\n• محرك قوي\n• نظام أمان متقدم\n• تقنيات حديثة\n• راحة فائقة\n• تصميم أنيق\n• أداء متميز\n', 5500000.00, 'http://localhost/smart_markt/assets/images/سياره.jpg', 7, NULL, NULL, NULL, 1, '2025-12-25 21:15:41', '2025-12-25 21:15:41'),
(241, 'CUCCL FLORA', 'منتج عالي الجودة من فئة صحة-وتجميل', 44729.00, 'http://localhost/smart_markt/assets/images/CUCCL FLORA.jpg', 17, '[]', '[\"[]\"]', '[\"[]\"]', 1, '2025-12-25 21:15:41', '2025-12-25 23:31:24'),
(242, 'JADORE', 'منتج عالي الجودة من فئة صحة-وتجميل', 31822.00, 'http://localhost/smart_markt/assets/images/JADORE.jpg', 22, '[]', '[\"[]\"]', '[\"[]\"]', 1, '2025-12-25 21:15:41', '2025-12-25 23:31:48'),
(243, 'MIO DIOR', 'منتج عالي الجودة من فئة صحة-وتجميل', 52339.00, 'http://localhost/smart_markt/assets/images/MIO DIOR.jpg', 15, '[]', '[\"[]\"]', '[\"[]\"]', 1, '2025-12-25 21:15:41', '2025-12-25 23:40:27'),
(244, 'SAUVAGE', 'منتج عالي الجودة من فئة صحة-وتجميل', 15000.00, 'http://localhost/smart_markt/assets/images/SAUVAGE.jpg', 10, '[]', '[\"[]\"]', '[\"[]\"]', 1, '2025-12-25 21:15:41', '2025-12-25 23:33:52'),
(245, 'منتج صحة-UV', 'منتج عالي الجودة من فئة صحة-وتجميل', 96037.00, 'http://localhost/smart_markt/assets/images/UV.jpg', 23, '[]', '[\"[]\"]', '[\"[]\"]', 1, '2025-12-25 21:15:41', '2025-12-25 23:33:02'),
(246, 'رياضه اثقال', 'منتج عالي الجودة من فئة رياضة', 279500.00, 'http://localhost/smart_markt/assets/images/رياضه اثقال .jpg', 30, NULL, NULL, NULL, 1, '2025-12-25 21:15:41', '2025-12-25 21:15:41'),
(253, 'كجول', 'منتج عالي الجودة من فئة ألعاب', 149425.00, 'http://localhost/smart_markt/assets/images/كجول .jpg', 29, '[]', '[]', '[]', 1, '2025-12-25 21:15:41', '2025-12-26 00:29:34'),
(254, 'لودو', 'منتج عالي الجودة من فئة ألعاب', 178975.00, 'http://localhost/smart_markt/assets/images/لودو.jpg', 22, NULL, NULL, NULL, 1, '2025-12-25 21:15:41', '2025-12-25 21:15:41'),
(256, 'اونو', 'منتج عالي الجودة من فئة كتب', 20008.00, 'http://localhost/smart_markt/assets/images/اونو.jpg', 10, '[]', '[\"[]\"]', '[\"[]\"]', 1, '2025-12-25 21:15:41', '2025-12-25 23:08:36'),
(257, 'دمى اطفال', 'منتج عالي الجودة من فئة كتب', 36403.00, 'http://localhost/smart_markt/assets/images/دمى اطفال .jpg', 10, '[]', '[\"[]\"]', '[\"[]\"]', 1, '2025-12-25 21:15:41', '2025-12-25 23:37:10'),
(258, 'كتاب قضية ذيل اللقطة', 'كتاب قضية ذيل اللقطة هو من تأليف الكاتب العراقي عدنان إبراهيم، ويتناول قضايا اجتماعية وثقافية بأسلوب سردي مميز. تركيزه غالباً يكون على التفاعلات الإنسانية والصراعات الداخلية، مع تسليط الضوء على قضايا الهوية والعدالة', 6000.00, 'http://localhost/smart_markt/assets/images/products/694dcb226530a_قظية ذيل القط.jpg', 20, '[]', '[\"[\\\"[]\\\"]\"]', '[\"[\\\"[]\\\"]\"]', 1, '2025-12-25 21:15:41', '2025-12-25 23:40:01'),
(259, 'كتاب عقدك النفسيه سجنك الابديه', 'كتاب عقدة نفسية: سجنك الأبدي يتناول موضوعات متعمقة حول الجوانب النفسية والاضطرابات التي قد تقيّد الإنسان، من خلال تحليل العوامل النفسية والبيئية التي تؤثر في سلوكيات الفرد. يركز على كيفية تأثير هذه العقد النفسية على حياة الإنسان، وكيف يمكن التحرر منها.', 7000.00, 'http://localhost/smart_markt/assets/images/products/694dcd1b9038a_عقدك النفسيه.jpg', 30, '[]', '[\"[]\"]', '[\"[]\"]', 1, '2025-12-25 21:15:41', '2025-12-25 23:47:39'),
(261, 'كتاب فن اللامبلاة', 'الكتاب من تأليف مارك مانسون، وبيحاول يوضح إنه بدل ما نركز على السعي وراء الكمال والسعادة الزائفة، الأفضل نركز على قيمنا الحقيقية ونقبل التحديات والصعوبات. وبهذا الشكل، نعيش حياة أكثر معنى ورضا.', 6000.00, 'http://localhost/smart_markt/assets/images/products/694dc36172c4c_فن الامبالاة.jpg', 20, '[]', '[\"\\u0635\\u063a\\u064a\\u0631\",\"\\u0643\\u0628\\u064a\\u0631\"]', '[]', 1, '2025-12-25 23:06:09', '2025-12-25 23:06:09'),
(262, 'لا تترك هاتفك', 'من تأليف الكاتب كايت فريمان', 7000.00, 'http://localhost/smart_markt/assets/images/products/694e7d01acd24_photo_2_2025-12-26_14-29-08.jpg', 20, '[\"http:\\/\\/localhost\\/smart_markt\\/assets\\/images\\/products\\/694e7d01ad15a_photo_5_2025-12-26_14-29-08.jpg\"]', '[]', '[]', 1, '2025-12-26 11:49:24', '2025-12-26 12:18:09'),
(263, 'نظرية الفستق', 'كتاب سيغير طريقة تفكيرك وحكمك على الاشياء', 10000.00, 'http://localhost/smart_markt/assets/images/products/694e7cd356e52_photo_1_2025-12-26_14-29-08.jpg', 20, '[\"http:\\/\\/localhost\\/smart_markt\\/assets\\/images\\/products\\/694e7cd3574bf_photo_5_2025-12-26_14-29-08.jpg\"]', '[]', '[]', 1, '2025-12-26 11:52:10', '2025-12-26 12:17:23'),
(264, 'كن لنفسك كل شيء', 'كتاب غايتا في الروعه', 10000.00, 'http://localhost/smart_markt/assets/images/products/694e7996a98c9_كن لنفسك كل شيء.jpg', 20, '[\"http:\\/\\/localhost\\/smart_markt\\/assets\\/images\\/products\\/694e7996a9cfd_photo_5_2025-12-26_14-29-08.jpg\"]', '[]', '[]', 1, '2025-12-26 11:54:03', '2025-12-26 12:03:34'),
(265, 'مكياج', 'منتج عال الجوده في مستحضرات التجميل', 60000.00, 'http://localhost/smart_markt/assets/images/products/694e86e695fc1_photo_5_2025-12-26_15-53-52.jpg', 20, '[\"http:\\/\\/localhost\\/smart_markt\\/assets\\/images\\/products\\/694e86e6960e3_photo_4_2025-12-26_15-53-52.jpg\"]', '[]', '[]', 1, '2025-12-26 13:00:22', '2025-12-26 13:00:22'),
(266, 'مكياج', 'اختاري الاحسن', 50000.00, 'http://localhost/smart_markt/assets/images/products/694e8e9b9f07e_photo_3_2025-12-26_15-53-52.jpg', 20, '[]', '[]', '[]', 1, '2025-12-26 13:33:15', '2025-12-26 13:33:15'),
(267, 'مكياج', 'افضل العروض يمنا', 55000.00, 'http://localhost/smart_markt/assets/images/products/694e8ee3267fa_photo_1_2025-12-26_15-53-52.jpg', 20, '[]', '[]', '[]', 1, '2025-12-26 13:34:27', '2025-12-26 13:34:27'),
(268, 'اثاث', 'رتب منلك', 400000.00, 'http://localhost/smart_markt/assets/images/products/694e8fd4f385b_فرشة منزل شتويه.jpg', 20, '[]', '[]', '[\"\\u0627\\u062d\\u0645\\u0631\",\"\\u0627\\u0633\\u0648\\u062f\"]', 1, '2025-12-26 13:38:28', '2025-12-26 13:38:28'),
(269, 'اثاث', 'افضل الاثاث وبوجوده عاليه', 450000.00, 'http://localhost/smart_markt/assets/images/products/694e90a2a3ca2_فرشة منزل مع تخم .jpg', 20, '[\"http:\\/\\/localhost\\/smart_markt\\/assets\\/images\\/products\\/694e90a2a418b_\\u0641\\u0631\\u0634\\u0629 \\u0645\\u0646\\u0632\\u0644.jpg\"]', '[]', '[\"\\u0627\\u062d\\u0645\\u0631\",\"\\u0627\\u0633\\u0648\\u062f\"]', 1, '2025-12-26 13:41:54', '2025-12-26 13:41:54');

-- --------------------------------------------------------

--
-- بنية الجدول `users`
--

CREATE TABLE `users` (
  `id` int(11) NOT NULL,
  `name` varchar(255) NOT NULL,
  `email` varchar(255) NOT NULL,
  `password` varchar(255) NOT NULL,
  `country` varchar(100) DEFAULT NULL,
  `profile_picture` varchar(500) DEFAULT NULL,
  `phone` varchar(20) DEFAULT NULL,
  `updated_country` varchar(100) DEFAULT NULL,
  `isAdmin` tinyint(1) DEFAULT 0,
  `created_at` timestamp NOT NULL DEFAULT current_timestamp(),
  `updated_at` timestamp NOT NULL DEFAULT current_timestamp() ON UPDATE current_timestamp()
) ENGINE=InnoDB DEFAULT CHARSET=utf8mb4 COLLATE=utf8mb4_unicode_ci;

--
-- إرجاع أو استيراد بيانات الجدول `users`
--

INSERT INTO `users` (`id`, `name`, `email`, `password`, `country`, `profile_picture`, `phone`, `updated_country`, `isAdmin`, `created_at`, `updated_at`) VALUES
(1, 'Admin User', 'admin@shop.com', '$2y$10$pOdH/PMrG28VyXvzv/cAmuQ/f8OaRyzsIfwbiQOQyD3sciuLe7YTS', NULL, NULL, NULL, NULL, 1, '2025-12-25 19:27:26', '2025-12-25 21:42:55'),
(5, 'علي حسن', 'zzziiiooi666@gmail.com', '$2y$10$P2fKbBncqUJEkk0ZoyYSq..3WBipe9ZvbuQVM41S.ZuO.AXC13W7K', 'العراق', 'uploads/profile_1766699225_6159.jpg', '07728319959', NULL, 0, '2025-12-25 21:47:05', '2025-12-25 22:32:37'),
(6, 'عميل', 'user123@gmail.com', '$2y$10$F904iRqsYNlQet4Fd72X4OiETtb5ztsS0.6.JMIH7wszo9bc4tiwu', 'العراق', 'uploads/profile_1766836899_5973.jpg', '07728319959', NULL, 0, '2025-12-27 12:01:39', '2025-12-27 12:01:39');

--
-- Indexes for dumped tables
--

--
-- Indexes for table `activity_logs`
--
ALTER TABLE `activity_logs`
  ADD PRIMARY KEY (`id`),
  ADD KEY `idx_user_id` (`user_id`),
  ADD KEY `idx_created_at` (`created_at`);

--
-- Indexes for table `cart`
--
ALTER TABLE `cart`
  ADD PRIMARY KEY (`id`),
  ADD KEY `user_id` (`user_id`),
  ADD KEY `product_id` (`product_id`);

--
-- Indexes for table `categories`
--
ALTER TABLE `categories`
  ADD PRIMARY KEY (`id`),
  ADD KEY `product_id` (`product_id`);

--
-- Indexes for table `category_list`
--
ALTER TABLE `category_list`
  ADD PRIMARY KEY (`id`),
  ADD UNIQUE KEY `name` (`name`);

--
-- Indexes for table `notifications`
--
ALTER TABLE `notifications`
  ADD PRIMARY KEY (`id`),
  ADD KEY `idx_user_notifications` (`user_id`,`is_read`),
  ADD KEY `idx_order_notifications` (`order_id`);

--
-- Indexes for table `orders`
--
ALTER TABLE `orders`
  ADD PRIMARY KEY (`id`),
  ADD KEY `user_id` (`user_id`),
  ADD KEY `product_id` (`product_id`),
  ADD KEY `address_id` (`address_id`);

--
-- Indexes for table `order_addresses`
--
ALTER TABLE `order_addresses`
  ADD PRIMARY KEY (`id`),
  ADD KEY `user_id` (`user_id`);

--
-- Indexes for table `products`
--
ALTER TABLE `products`
  ADD PRIMARY KEY (`id`),
  ADD KEY `user_id` (`user_id`);

--
-- Indexes for table `users`
--
ALTER TABLE `users`
  ADD PRIMARY KEY (`id`),
  ADD UNIQUE KEY `email` (`email`);

--
-- AUTO_INCREMENT for dumped tables
--

--
-- AUTO_INCREMENT for table `activity_logs`
--
ALTER TABLE `activity_logs`
  MODIFY `id` int(11) NOT NULL AUTO_INCREMENT, AUTO_INCREMENT=2;

--
-- AUTO_INCREMENT for table `cart`
--
ALTER TABLE `cart`
  MODIFY `id` int(11) NOT NULL AUTO_INCREMENT, AUTO_INCREMENT=13;

--
-- AUTO_INCREMENT for table `categories`
--
ALTER TABLE `categories`
  MODIFY `id` int(11) NOT NULL AUTO_INCREMENT, AUTO_INCREMENT=185;

--
-- AUTO_INCREMENT for table `category_list`
--
ALTER TABLE `category_list`
  MODIFY `id` int(11) NOT NULL AUTO_INCREMENT, AUTO_INCREMENT=17;

--
-- AUTO_INCREMENT for table `notifications`
--
ALTER TABLE `notifications`
  MODIFY `id` int(11) NOT NULL AUTO_INCREMENT, AUTO_INCREMENT=31;

--
-- AUTO_INCREMENT for table `orders`
--
ALTER TABLE `orders`
  MODIFY `id` int(11) NOT NULL AUTO_INCREMENT, AUTO_INCREMENT=9;

--
-- AUTO_INCREMENT for table `order_addresses`
--
ALTER TABLE `order_addresses`
  MODIFY `id` int(11) NOT NULL AUTO_INCREMENT, AUTO_INCREMENT=9;

--
-- AUTO_INCREMENT for table `products`
--
ALTER TABLE `products`
  MODIFY `id` int(11) NOT NULL AUTO_INCREMENT, AUTO_INCREMENT=270;

--
-- AUTO_INCREMENT for table `users`
--
ALTER TABLE `users`
  MODIFY `id` int(11) NOT NULL AUTO_INCREMENT, AUTO_INCREMENT=7;

--
-- قيود الجداول المُلقاة.
--

--
-- قيود الجداول `activity_logs`
--
ALTER TABLE `activity_logs`
  ADD CONSTRAINT `activity_logs_ibfk_1` FOREIGN KEY (`user_id`) REFERENCES `users` (`id`) ON DELETE CASCADE;

--
-- قيود الجداول `cart`
--
ALTER TABLE `cart`
  ADD CONSTRAINT `cart_ibfk_1` FOREIGN KEY (`user_id`) REFERENCES `users` (`id`) ON DELETE CASCADE,
  ADD CONSTRAINT `cart_ibfk_2` FOREIGN KEY (`product_id`) REFERENCES `products` (`id`) ON DELETE CASCADE;

--
-- قيود الجداول `categories`
--
ALTER TABLE `categories`
  ADD CONSTRAINT `categories_ibfk_1` FOREIGN KEY (`product_id`) REFERENCES `products` (`id`) ON DELETE CASCADE;

--
-- قيود الجداول `notifications`
--
ALTER TABLE `notifications`
  ADD CONSTRAINT `notifications_ibfk_1` FOREIGN KEY (`user_id`) REFERENCES `users` (`id`) ON DELETE CASCADE,
  ADD CONSTRAINT `notifications_ibfk_2` FOREIGN KEY (`order_id`) REFERENCES `orders` (`id`) ON DELETE SET NULL;

--
-- قيود الجداول `orders`
--
ALTER TABLE `orders`
  ADD CONSTRAINT `orders_ibfk_1` FOREIGN KEY (`user_id`) REFERENCES `users` (`id`) ON DELETE CASCADE,
  ADD CONSTRAINT `orders_ibfk_2` FOREIGN KEY (`product_id`) REFERENCES `products` (`id`) ON DELETE SET NULL,
  ADD CONSTRAINT `orders_ibfk_3` FOREIGN KEY (`address_id`) REFERENCES `order_addresses` (`id`) ON DELETE CASCADE;

--
-- قيود الجداول `order_addresses`
--
ALTER TABLE `order_addresses`
  ADD CONSTRAINT `order_addresses_ibfk_1` FOREIGN KEY (`user_id`) REFERENCES `users` (`id`) ON DELETE CASCADE;

--
-- قيود الجداول `products`
--
ALTER TABLE `products`
  ADD CONSTRAINT `products_ibfk_1` FOREIGN KEY (`user_id`) REFERENCES `users` (`id`) ON DELETE CASCADE;
COMMIT;

/*!40101 SET CHARACTER_SET_CLIENT=@OLD_CHARACTER_SET_CLIENT */;
/*!40101 SET CHARACTER_SET_RESULTS=@OLD_CHARACTER_SET_RESULTS */;
/*!40101 SET COLLATION_CONNECTION=@OLD_COLLATION_CONNECTION */;
